,nickname,times
0,真夜寝,513
1,矢田ぺこら,265
2,SSSatania,258
3,偶尔会认真,255
4,愠-惀,230
5,VE-H_Maw,228
6,艾瑟德麗塔,219
7,本间奈美子,203
8,阿曼达Ahmanda,186
9,月见花开丶,182
10,Ririkanya,178
11,柚子的黑貓,170
12,Lqc_,165
13,唐氏科技Official,164
14,发情的鲶鱼,159
15,ジェットにんぢん,156
16,椏木月,155
17,本条香枫,141
18,小芸橙汁儿,140
19,会定,127
20,量子少女_星瞳,123
21,摆烂处主任吴应瑞-RX,122
22,lhcpzxgm,122
23,るしあ_Official,114
24,KAKI1226,102
25,修改昵称需要消耗6个石更币,95
26,嘉心糖047798,91
27,柏树林的圆子,83
28,杜向晚,72
29,-Mactavizh,65
30,icihcih,62
31,定向矢量,60
32,痛风的芭蕉,56
33,米老头_official,51
34,批哩批哩加油努力,51
35,MortalFiend,49
36,韩澳,48
37,猫雷从小就会念经,43
38,我是喵喵露,40
39,片羽之蝶,34
40,白い魔法使,27
41,精神幻灭之域,25
42,花乃七_Hanano,24
43,小春日和の茶,24
44,星宫凉子,23
45,有良心二号机,17
46,猫雷NyaRu_Officer,17
47,逍遥魂LEO,17
48,月半傾夏,17
49,暮色雾离,16
50,网友小z单推人,16
51,白音小猩official,16
52,城南花花,16
53,巧克力Coko,15
54,juneboy,15
55,摩黎,15
56,Zstqms,14
57,贝伦修坦因,14
58,爆炸吧糖分,14
59,志方君,13
60,梨花家的月下,12
61,夏哥的拖拉机,11
62,emancia,11
63,シィレン,10
64,雷大侦探,10
65,原神嘉然谷爱凌,10
66,Tanloyyyyu,10
67,在异世界我想当盗贼,9
68,小黑strive,9
69,月染萤灯゜,9
70,单推伊波杏树的Anson,8
71,aimyon,8
72,朝霜改二,8
73,陽炎型十番艦時津風,8
74,一个小时哦哦哦,8
75,黄昏消散,8
76,物述猫雷,7
77,小孤孀夜墨,7
78,Poppy_suger,7
79,otter尼拉,7
80,老子是后浪,6
81,不想号哭的樱小姐,6
82,寝月ねろ,6
83,大扑棱麻子,6
84,盼冉归,6
85,6级号是不会还给你的,6
86,未命名_のなめ,6
87,浅色画,6
88,Dark-Law,5
89,MtkLs_,5
90,嘟嘟_嘟嘟嘟嘟嘟嘟嘟,5
91,kong未来,5
92,himukaikanata,5
93,灼眼的夏娜Official,5
94,neet_今日から働く,5
95,风花语诗,5
96,聖羅希露温,5
97,Aurora_ic,5
98,lant3rn,5
99,烈豹,5
100,丶五百块,5
101,轻轻小语,5
102,言子伊_Jy,4
103,猫雷模仿者,4
104,D4CCCC,4
105,栗ご饭とかめはめ波,4
106,薛定谔的,4
107,鲤鱼想喝喜茶,4
108,0o弁天o0,4
109,vvvvv0id,4
110,卑鄙的橘子,4
111,yuki_39,4
112,Kelun,4
113,可妮赛高,4
114,浴梦,4
115,雷子今天恰大米,4
116,paz喵,4
117,彩虹侠侠,4
118,绝命之声幻化成风,4
119,霖菲,4
120,白_林,4
121,ShirooNeko,4
122,小财布,4
123,凌冬映雪,4
124,很难不nuki,4
125,被taffy掰直的肥猫喵,4
126,阿口口口口口口,4
127,沉睡不知须臾,4
128,列卡茨,3
129,南青予,3
130,DarkTian天痕,3
131,伊月ホシ,3
132,怒搓各种猫头,3
133,太美丽辣礼堂,3
134,胸か小くなる,3
135,小型水泵,3
136,淘宝用户_lunoLucina,3
137,bili_46961796,3
138,暮潮,3
139,daguyu,3
140,猫雷今天吃了么,3
141,纸皮Joey,3
142,木鱼花花花,3
143,_触摸一下,3
144,之绛,3
145,晓lady,3
146,基洛夫级导弹巡洋舰,3
147,超凶呆呆涛,3
148,只是咸鱼丶,3
149,遝空魔術,3
150,烟云何期,3
151,lasOrder,3
152,星奈铃-官方Official,3
153,Katsura小五,3
154,不挑食的家伙,3
155,萤火之亭,3
156,洛梦星离,3
157,ImageinBreaker,2
158,纯良雏草姬,2
159,是食铁兽不是熊猫,2
160,肉包摊子,2
161,2158,2
162,一只Sheep丶,2
163,神滨川冲浪里,2
164,hkjvk,2
165,名侦探柯狂,2
166,一球田德,2
167,6566,2
168,聆聽夜風,2
169,猫森Memory,2
170,下江小春是笨蛋,2
171,lhbssf,2
172,109城市爱丽丝,2
173,uplayplayyou,2
174,yurileo,2
175,中某人,2
176,沐川碧,2
177,浮生亿隙,2
178,安分守己夺天路,2
179,冬天好冷啊diana,2
180,铃公主的单推人,2
181,bili_2032442006,2
182,哈德曼妖怪,2
183,Brandon的布兰登,2
184,理塘猫雷,2
185,五十八,2
186,乃酱,2
187,Far.,2
188,青霧,2
189,MinalinSKy_-_,2
190,Alexandr,2
191,舅舅,2
192,FX战士小胡桃,2
193,未闻碧波漾,2
194,茅野愛衣ノ,2
195,金发碧眼的她,2
196,Nyaruのパンツ,2
197,ふうこmaster,2
198,满山的野菊花,2
199,来自异乡的边缘人,2
200,巧克貓OvO,2
201,谁说冠军不能来自星空,2
202,人亦惊天地_,2
203,B三狼official,2
204,B黑西X,2
205,ryl简自豪,2
206,达七达七,2
207,官子丶,2
208,llopeyio,2
209,森夏大人,2
210,渊辟,2
211,中野メ二乃,2
212,Irelia-Official,2
213,popo梦,2
214,Chisai2233B,2
215,小黑猫呜,2
216,hoxiriver,2
217,在原,2
218,澈水明镜,2
219,珊宝的洗衣机,2
220,不是橘子是裤子,2
221,爱幻想的天蝎座,2
222,枫林火焰,2
223,凝羽_はね,2
224,是王大瓢,2
225,嘎豆酱,2
226,南NNic,2
227,乐波鸭,2
228,峡谷黑曼巴,2
229,文静从小就很绿茶,2
230,Nokia听海生,2
231,水晶小黑猫,2
232,supermiku,2
233,玻璃渣今天倒闭了吗,2
234,夜空之吻,2
235,果丹皮T0不解释,2
236,_Urok_,2
237,圣コニ,2
238,小学生赛高OwO,2
239,简单的流年,2
240,饭缸哒哒哒_,2
241,熊のみこ,2
242,Nyaるる,1
243,saber的但那,1
244,Agan-42,1
245,V1ol3t丶,1
246,スタレッタ,1
247,LOVE蔚蓝A天空,1
248,百合骑士橘外人さん,1
249,芥川龙之介の河童,1
250,恶魔の子但丁,1
251,o悲しみの海o,1
252,帅气の熊猫君,1
253,晓梦徊,1
254,ACAnenene,1
255,向晚今天吃火腿肠,1
256,青年鲨嘴,1
257,雪の幽霊夢,1
258,納豆味めあちゃん,1
259,致命老阿胖,1
260,霏华韶烁,1
261,井底之娃不识单身的痛,1
262,雷口组,1
263,塔菲喵的老头,1
264,比克被吓得脸都绿了,1
265,EchoeSSay,1
266,FF酸,1
267,姬羌,1
268,湊切波,1
269,黑酱だよ,1
270,巧克力与香子兰,1
271,宫泽风花-Official,1
272,非酋-咕哒子,1
273,NyaRuuu,1
274,願佳与,1
275,GNK48-不太会说话,1
276,加载失败了喵,1
277,猫雷反黑站,1
278,友崎君,1
279,擅长拍肚皮,1
280,寄语枫秋秋秋,1
281,亚托克斯_official,1
282,戰部渡,1
283,绘乃冰,1
284,牛顿和苹果树,1
285,b5463788,1
286,斩龙骑士抓根宝,1
287,月见怜,1
288,-NATSUKAGE-,1
289,凑あくあ,1
290,诺子咕咕,1
291,啊Rung,1
292,爱吃猫雷的东方角鸮,1
293,上帝保佑阿门阿门,1
294,加藤惠月色真美,1
295,史莱姆雨,1
296,古德喵喵露,1
297,七岁就骑鲨鱼,1
298,冲天星光,1
299,MarLimert,1
300,约瑟酱QAQ,1
301,万里江山兔,1
302,天天吃乌龟炖鸡捏,1
303,五妹家的鼠鼠,1
304,人柱力奇诺比珂,1
305,我可能是个假的欧洲人,1
306,JazzWaltz,1
307,鸽子加油努力,1
308,芳芳乃乃乃,1
309,法毒鸠,1
310,苹果今天摆烂了吗,1
311,时雨七月,1
312,铝加磷,1
313,不要昵称r,1
314,桐生虚妄,1
315,bili_13662108,1
316,哈姆哈姆NyaRu,1
317,66_CCF_f,1
318,wangwenx190,1
319,红水母Channel,1
320,乃在吃门,1
321,塌塌米同學,1
322,夜鹰魅影,1
323,如果安妮是个女孩,1
324,杜云松,1
325,九重桃白白,1
326,Zizeka,1
327,HHHCA丶,1
328,露西娅单推人2号,1
329,我喝汤你吃肉,1
330,雛月加代_,1
331,bili_702244603,1
332,那这样吧-,1
333,AuroraBreak,1
334,潘多拉月厶笛安,1
335,せなひ,1
336,KidsGun,1
337,乃滋米_Official,1
338,Cn_dev1ce,1
339,我真de是大神,1
340,长长长长风啊,1
341,摇滚反ho巨星,1
342,拾鹿子,1
343,猫猫水族館,1
344,圣乃琳,1
345,夜月下的幻影,1
346,幽谷芷兰,1
347,爱雷信月等兔,1
348,91557856852_bili,1
349,Ainyom,1
350,人理拯救者盖提亚,1
351,爱吃鱼的小奕,1
352,姬森璐娜的章鱼烧,1
353,菻运之果,1
354,䨻不住辣,1
355,Wizard_OWB,1
356,蓝色姬,1
357,我就是来臊皮的,1
358,逃出深红色房间01,1
359,Meowにゃあにゃあkitty,1
360,MUPHI,1
361,疯火燎橘子,1
362,安纳托利亚超人,1
363,枝江大学社会科学学院,1
364,冰壶贮秋月,1
365,遥远のaltair,1
366,钟爱芒果干,1
367,北原孤人,1
368,德国军事顾问,1
369,Rankas,1
370,魔狼咪莉娅Official,1
371,伀灵,1
372,桐山唯w,1
373,戛然而梓,1
374,想想现在做什么,1
375,隔壁厕所需要点纸,1
376,你怎么D得到处都是啊,1
377,nyanya露,1
378,AftermathXX0073,1
379,沄漡,1
380,娚人教科书,1
381,掌心脆还行,1
382,阿草反黑站,1
383,ResidencyEvil,1
384,寅时战神,1
385,HzdTY,1
386,明天不想早起,1
387,圣猫雷,1
388,嘟嘟噜嘟哒哒哒,1
389,屑lemon,1
390,唯心风雨丶,1
391,羽游仙,1
392,欲邀星辰共眠,1
393,单字母w,1
394,白鸟BaiNiao,1
395,Yu铮,1
396,尻鼓工作者,1
397,滑铁卢折翼的雄鹰,1
398,小草みざわ,1
399,凉檩,1
400,协同莫藕片,1
401,银翼のマジシャン,1
402,EGOIST300,1
403,猫雷塞高,1
404,TroT4IN,1
405,b北极狐d,1
406,荷兹荷,1
407,Aptxzi138,1
408,Luplce,1
409,深邃幽谷,1
410,昭owo,1
411,Kzz,1
412,彦敬,1
413,偷偷恰夜宵,1
414,大喵u,1
415,特定系vtb悠悠子,1
416,千寻酱,1
417,哈はHah,1
418,喜欢弱音的墨陌,1
419,可能是晴天了,1
420,EnderGZM,1
421,Hooft,1
422,怪獸先辈,1
423,大流士叁世,1
424,_現在是三號機,1
425,袋鼠sorano,1
426,蒙古广州地铁,1
427,ko1sh4,1
428,Faze_upup,1
429,一只葱粉,1
430,捭阖研究员,1
431,菜CoCo,1
432,暗房夜空,1
433,吹梦西洲泠,1
434,猫雷从小就很喜欢打V,1
435,晚风琪,1
436,-Blackmore-,1
437,DAAGFh,1
438,远归的尘埃,1
439,有栖零儿,1
440,gghlouuy,1
441,イオンチャンネル,1
442,Haruki゜,1
443,紫阳はな,1
444,小菜每天都睡不饱,1
445,Adelianst,1
446,就猫猫雷,1
447,Hydr093n,1
448,三重愛suki,1
449,小鸿梵,1
450,BBちゃん,1
451,帷幄の影,1
452,绚丽白昼,1
453,大鱼啊啊122,1
454,休塔尔克,1
455,彗星恩赐,1
456,女疾女户Jealousy,1
457,17岁哈利波特,1
458,RiomQAQ,1
459,楪祈official,1
460,雨霁来秋,1
461,Rainy丶星空,1
462,艾瓦罗兹杜兰,1
463,Siyu_Rao,1
464,暴富的张富婆的男朋友,1
465,郭宝小猫咪,1
466,sakura樱花kiss,1
467,可顺妮,1
468,芜湖中奖了,1
469,黄豆单推人,1
470,张教授6,1
471,吉吉国王辣辣米,1
472,天弱的76,1
473,dldildil,1
474,猫雷干净又卫生,1
475,拔丝菠萝っ,1
476,粉色洋葱,1
477,永乐魔法师,1
478,Helena-Komnena,1
479,爱品茶の猫,1
480,清河居,1
481,風瑛,1
482,触手章鱼头,1
483,-远い空へ,1
484,AMD市场部,1
485,HxLz,1
486,不燃ゴミ,1
487,一句话证明这个昵称,1
488,strwerte,1
489,卦者那啥子望罗,1
490,七海Nana77mi,1
491,古拉今晚吃猫雷,1
492,Koharu33,1
493,ゴはんじぇん,1
494,坂本龍一゚,1
495,雏生桜酚啡_Channel,1
496,细语缱绻,1
497,丨破碎丨,1
498,幽月孤怜,1
499,致命的珂教授,1
500,小瓢虫丶,1
501,顺风的蜗牛,1
502,餅よもぎ,1
503,你们的DOGEsama,1
504,ddmenga,1
505,空梦无心,1
506,只吃好果汁,1
507,断水流大师訩,1
508,呆毛狗耳月牙,1
509,MOKA酱的贴贴,1
510,贼窝囊,1
511,大傻喵dayo,1
